dropnavidg,golfcourse_title,course_name,image
1,Our Courses,Tee Block #1 & #10,Tee Block #1 & #10.jpg
1,Our Courses,Green #1 & #10,Green #1 & #10.jpg
1,Our Courses,Tee Block #2 and #11,Tee Block #2 and #11.jpg
1,Our Courses,Green #2 & #11,Green #2 & #11.jpg
1,Our Courses,Tee Block #3 & #12,Tee Block #3 & #12.jpg
1,Our Courses,Green #3 & # 12,Green #3 & # 12.jpg
1,Our Courses,Tee Block #4 & #13,Tee Block #4 & #13.jpg
1,Our Courses,Green #4 & # 13,Green #4 & # 13.jpg
1,Our Courses,Tee Block #5 & #14,Tee Block #5 & #14.jpg
1,Our Courses,Green #5 & #14,Green #5 & #14.jpg
1,Our Courses,The Windmill #6,The Windmill #6.jpg
1,Our Courses,Tee Block #6 and #15,Tee Block #6 and #15.jpg
1,Our Courses,Fairway #6 & #15,Fairway #6 & #15.jpg
1,Our Courses,Green #6 & #15,Green #6 & #15.jpg
1,Our Courses,Tee Block #7 & #16,Tee Block #7 & #16.jpg
1,Our Courses,Green #7 & #16,Green #7 & #16.jpg
1,Our Courses,Tee Block #8,Tee Block #8.jpg
1,Our Courses,Tee Block #17,Tee Block #17.jpg
1,Our Courses,Green #8 & #17,Green #8 & #17.jpg
1,Our Courses,Tee Block #9 & #18,Tee Block #9 & #18.jpg
1,Our Courses,Green #9 & #18,Green #9 & #18.jpg
1,Our Courses,Practice Green,Practice Green.jpg
2,Score Cards,,MENS CARD.png
2,Score Cards,,Ladies Card.png
