manage_commid,mana_comm_title,mana_comm_monthid,mana_comm_month,mana_comm_pdf,,,,
1,Management Committee Meeting Minutes 2018,1,Feb,February 2018.pdf,,,,
1,Management Committee Meeting Minutes 2018,2,March,March 2018.pdf,,,,
1,Management Committee Meeting Minutes 2018,3,April,April 2018.pdf,,,,
1,Management Committee Meeting Minutes 2018,4,May,May 2018.pdf,,,,
1,Management Committee Meeting Minutes 2018,5,Jun,June  2018.pdf,,,,
1,Management Committee Meeting Minutes 2018,6,July,July  2018.pdf,,,,
1,Management Committee Meeting Minutes 2018,7,Sept,LGC Minutes September 2018.pdf,,,,
1,Management Committee Meeting Minutes 2018,8,Oct,LGC Minutes 09 October 2018.pdf,,,,
1,Management Committee Meeting Minutes 2018,9,Nov,LGC Minutes 13 November 2018.pdf,,,,
1,Management Committee Meeting Minutes 2018,10,Dec,LGC Minutes December 2018.pdf,,,,
2,Management Committee Meeting Minutes 2019,11,Feb,LGC Minutes February 2019.pdf,,,,
2,Management Committee Meeting Minutes 2019,12,March,LGC Minutes Mar '19.pdf,,,,
2,Management Committee Meeting Minutes 2019,13,April,LGC Minutes April 2019.pdf,,,,
2,Management Committee Meeting Minutes 2019,14,May,LGC Minutes May 2019.pdf,,,,
2,Management Committee Meeting Minutes 2019,15,Jun,LGC Minutes Meeting 9 July2019.pdf,,,,
2,Management Committee Meeting Minutes 2019,16,July,LGC Minutes Meeting 9 July2019.pdf,,,,
2,Management Committee Meeting Minutes 2019,17,13th August,LGC Minutes Meeting 9 July2019.pdf,,,,
2,Management Committee Meeting Minutes 2019,18,Sept,LGC Minutes 10 September 2019.pdf,,,,
2,Management Committee Meeting Minutes 2019,19,Oct,LGC Minutes Meeting 8 October 2019.pdf,,,,
2,Management Committee Meeting Minutes 2019,20,Nov,LGC Minutes Meeting 12 November 2019.pdf,,,,
2,Management Committee Meeting Minutes 2019,21,Dec,LGC Minutes Meeting 10 December 2019.pdf,,,,
3,Management Committee Meeting Minutes 2020,22,Feb,LGC Minutes Feb 2020.pdf,,,,
3,Management Committee Meeting Minutes 2020,23,March,LGC Minutes  10.03.2020.pdf,,,,
3,Management Committee Meeting Minutes 2020,24,14th April,LGC Minutes Meeting 14 April 2020.pdf,,,,
3,Management Committee Meeting Minutes 2020,25,18th May,LGC Minutes Meeting 18 May 2020.pdf,,,,
3,Management Committee Meeting Minutes 2020,26,9th Jun,LGC Minutes Meeting 9 June 2020 (1).pdf,,,,
3,Management Committee Meeting Minutes 2020,27,14th July,LGC Minutes Meeting 14 July 2020 (1).pdf,,,,
3,Management Committee Meeting Minutes 2020,28,11th August,LGC Minutes Meeting 11 August 2020.pdf,,,,
3,Management Committee Meeting Minutes 2020,29,8th Sept,LGC Minutes Meeting 8 September2020 (1).pdf,,,,
3,Management Committee Meeting Minutes 2020,30,13th Oct,LGC Minutes Meeting 13 October2020 (1).pdf,,,,
3,Management Committee Meeting Minutes 2020,31,10th Nov,Minutes Meeting 10 November2020 (1).pdf,,,,
3,Management Committee Meeting Minutes 2020,32,8th Dec,LGC Minutes Meeting 8 December 2020.pdf,,,,
4,Management Committee Meeting Minutes 2021,33,9th Feb,Minutes Meeting 9 February 2021.pdf,,,,
4,Management Committee Meeting Minutes 2021,34,9th March,Minutes  Meeting 9 March 2021.pdf,,,,
4,Management Committee Meeting Minutes 2021,35,13th April,Minutes Meeting 13th April 2021.pdf,,,,
4,Management Committee Meeting Minutes 2021,36,11th May,Minutes Meeting 11th May 2021.pdf,,,,
4,Management Committee Meeting Minutes 2021,37,8th Jun,Minutes Meeting 8th June 2021.pdf,,,,
4,Management Committee Meeting Minutes 2021,38,13th July,Minutes  Meeting 13 Jul 2021.pdf,,,,
4,Management Committee Meeting Minutes 2021,39,10th August,Meeting Mintues 10th August 20121.pdf,,,,
4,Management Committee Meeting Minutes 2021,40,14th Sept,Minutes Management Meeting  14th September 2021.pdf,,,,
4,Management Committee Meeting Minutes 2021,41,9th Nov,Minutes Management Meeting  November 2021.pdf,,,,
4,Management Committee Meeting Minutes 2021,42,14th Dec,Minutes Meeting 14th December 2021 (1).pdf,,,,
5,Management Committee Meeting Minutes 2022,43,6th Feb,Minutes of the Management Committee 8th February 2022.pdf,,,,
5,Management Committee Meeting Minutes 2022,44,8th March,Signed 8th March Committee Minutes.pdf,,,,
5,Management Committee Meeting Minutes 2022,45,12th April,Signed 12th April 2022 minutes[84].pdf,,,,
5,Management Committee Meeting Minutes 2022,46,10th May,Management Committee Meeting 9th May 2023.pdf,,,,
5,Management Committee Meeting Minutes 2022,47,14th Jun,Signed 14th June Minutes.pdf,,,,
5,Management Committee Meeting Minutes 2022,48,12th July,Signed Committee Minutes 12th July 2022.pdf,,,,
5,Management Committee Meeting Minutes 2022,49,9th August,Signed  Committee Minutes 9th August 2022.pdf,,,,
5,Management Committee Meeting Minutes 2022,50,13th Sept,Signed Minutes 13 Sept 2022.pdf,,,,
5,Management Committee Meeting Minutes 2022,51,11th Oct,11th Oct 2022.pdf,,,,
5,Management Committee Meeting Minutes 2022,52,8th Nov,8th Nov 2022.pdf,,,,
5,Management Committee Meeting Minutes 2022,53,13th Dec,Signed Minutes 13th December 2022 (1).pdf,,,,
6,Management Committee Meeting Minutes 2023,54,14th Feb,14th February 2023.pdf,,,,
6,Management Committee Meeting Minutes 2023,55,14th March,Management Committee Meeting 14th March 2023.pdf,,,,
6,Management Committee Meeting Minutes 2023,56,11th April,Management Committee Meeting 11th April 2023.pdf,,,,
6,Management Committee Meeting Minutes 2023,57,9th May,Management Committee Meeting 9th May 2023.pdf,,,,
6,Management Committee Meeting Minutes 2023,58,13th Jun,Management Committee Meeting 13th June 2023.pdf,,,,
6,Management Committee Meeting Minutes 2023,59,11th July,Management Committee Meeting 11th July 2023.pdf,,,,
6,Management Committee Meeting Minutes 2023,60,8th August,Management Committee Meeting Minutes 8th August 2023.pdf,,,,
6,Management Committee Meeting Minutes 2023,61,12th Sept,Management Committee Meeting 12th September 2023.pdf,,,,
6,Management Committee Meeting Minutes 2023,62,10th Oct,Management Committee Meeting 10th October 2023.pdf,,,,
6,Management Committee Meeting Minutes 2023,63,14th Nov,Management Committee Meeting Minutes  14th November 2023.pdf,,,,
6,Management Committee Meeting Minutes 2023,64,12th Dec,Management Committee Minutes - 12th December 2023.pdf,,,,
7,Management Committee Meeting Minutes 2024,65,Jan,Minutes Management Committee January 2024.pdf,,,,
7,Management Committee Meeting Minutes 2024,66,Feb,Minutes Management Committee Meeting - 13.2.24.pdf,,,,
