dropnavidm,members_title,members_subtitle,members_des,image,document
18,Member Login,,,,
19,Photo Gallery,,,P1000284_JPG.jpg,
19,Photo Gallery,,,P1000285_JPG.jpg,
19,Photo Gallery,,,P1000287_JPG.jpg,
19,Photo Gallery,,,P1000288_JPG.jpg,
19,Photo Gallery,,,P1000289_JPG.jpg,
19,Photo Gallery,,,P1000290_JPG.jpg,
19,Photo Gallery,,,P1000292_JPG.jpg,
19,Photo Gallery,,,P1000293_JPG.jpg,
19,Photo Gallery,,,P1000294_JPG.jpg,
19,Photo Gallery,,,P1000295_JPG.jpg,
20,Club Officers/Sub Committees,,,8c480d_dcbaee249b4c48c29d65dce2a9a818fc~mv2.png,
20,Club Officers/Sub Committees,,,8c480d_7a8b38b2cfa840489aaa302eba0bf5a9~mv2.png,
20,Club Officers/Sub Committees,,,8c480d_f3b630efe6884abab8b9f29028d80c5e~mv2.png,
21,"Starter, Marker & Bar Rosters",,,Starter Roster_PNG.png,
22,2024,Management Committee Meeting? Minutes 2024,24h Jan,,Minutes Management Committee January 2024.pdf
22,2024,Management Committee Meeting? Minutes 2024,24th Feb,,Minutes Management Committee Meeting - 13.2.24.pdf
22,2023,Management Committee Meeting? Minutes 2023,14th Feb,,14th February 2023.pdf
22,2023,Management Committee Meeting? Minutes 2023,14th March,,Management Committee Meeting 14th March 2023.pdf
22,2023,Management Committee Meeting? Minutes 2023,11th April,,Management Committee Meeting 11th April 2023.pdf
22,2023,Management Committee Meeting? Minutes 2023,9th May,,Management Committee Meeting 9th May 2023.pdf
22,2023,Management Committee Meeting? Minutes 2023,13th Jun,,Management Committee Meeting 13th June 2023.pdf
22,2023,Management Committee Meeting? Minutes 2023,11th July,,Management Committee Meeting 11th July 2023.pdf
22,2023,Management Committee Meeting? Minutes 2023,8th Aug,,Management Committee Meeting Minutes 8th August 2023.pdf
22,2023,Management Committee Meeting? Minutes 2023,12th Sept,,Management Committee Meeting 12th September 2023.pdf
22,2023,Management Committee Meeting? Minutes 2023,10th Oct,,Management Committee Meeting 10th October 2023.pdf
22,2023,Management Committee Meeting? Minutes 2023,14th Nov,,Management Committee Meeting 14th March 2023.pdf
22,2023,Management Committee Meeting? Minutes 2023,12th Dec,,Management Committee Minutes - 12th December 2023.pdf
22,2022,Management Committee Meeting? Minutes 2022,6th Feb,,Minutes of the Management Committee 8th February 2022.pdf
22,2022,Management Committee Meeting? Minutes 2022,8th March,,Signed 8th March Committee Minutes.pdf
22,2022,Management Committee Meeting? Minutes 2022,12th April,,Signed 12th April 2022 minutes[84].pdf
22,2022,Management Committee Meeting? Minutes 2022,10th May,,10th may 2022.pdf
22,2022,Management Committee Meeting? Minutes 2022,14th Jun,,Signed 14th June Minutes.pdf
22,2022,Management Committee Meeting? Minutes 2022,12th July,,Signed Committee Minutes 12th July 2022.pdf
22,2022,Management Committee Meeting? Minutes 2022,9th Aug,,Signed  Committee Minutes 9th August 2022.pdf
22,2022,Management Committee Meeting? Minutes 2022,13th Sept,,Signed Minutes 13 Sept 2022.pdf
22,2022,Management Committee Meeting? Minutes 2022,11th Oct,,11th Oct 2022.pdf
22,2022,Management Committee Meeting? Minutes 2022,8th Nov,,8th Nov 2022.pdf
22,2022,Management Committee Meeting? Minutes 2022,13th Dec,,Signed Minutes 13th December 2022 (1).pdf
22,2021,Management Committee Meeting? Minutes 2021,9th Feb,,Minutes Meeting 9 February 2021.pdf
22,2021,Management Committee Meeting? Minutes 2021,9th March,,Minutes  Meeting 9 March 2021.pdf
22,2021,Management Committee Meeting? Minutes 2021,13th April,,Minutes Meeting 13th April 2021.pdf
22,2021,Management Committee Meeting? Minutes 2021,11th May,,Minutes Meeting 11th May 2021.pdf
22,2021,Management Committee Meeting? Minutes 2021,8th Jun,,Minutes Meeting 8th June 2021.pdf
22,2021,Management Committee Meeting? Minutes 2021,13th July,,Minutes  Meeting 13 Jul 2021.pdf
22,2021,Management Committee Meeting? Minutes 2021,10th Aug,,Meeting Mintues 10th August 20121.pdf
22,2021,Management Committee Meeting? Minutes 2021,14th Sept,,Minutes Management Meeting  14th September 2021.pdf
22,2021,Management Committee Meeting? Minutes 2021,9th Nov,,Minutes Management Meeting  November 2021.pdf
22,2021,Management Committee Meeting? Minutes 2021,14th Dec,,Minutes Meeting 14th December 2021 (1).pdf
22,2020,Management Committee Meeting? Minutes 2020,11th Feb,,LGC Minutes Feb 2020.pdf
22,2020,Management Committee Meeting? Minutes 2020,10th March,,LGC Minutes  10.03.2020.pdf
22,2020,Management Committee Meeting? Minutes 2020,14th April,,LGC Minutes Meeting 14 April 2020.pdf
22,2020,Management Committee Meeting? Minutes 2020,18th May,,LGC Minutes Meeting 18 May 2020.pdf
22,2020,Management Committee Meeting? Minutes 2020,9th Jun,,LGC Minutes Meeting 9 June 2020 (1).pdf
22,2020,Management Committee Meeting? Minutes 2020,14th July,,LGC Minutes Meeting 14 July 2020 (1).pdf
22,2020,Management Committee Meeting? Minutes 2020,11th Aug,,LGC Minutes Meeting 11 August 2020.pdf
22,2020,Management Committee Meeting? Minutes 2020,8th Sept,,LGC Minutes Meeting 8 September2020 (1).pdf
22,2020,Management Committee Meeting? Minutes 2020,13th Oct,,LGC Minutes Meeting 13 October2020 (1).pdf
22,2020,Management Committee Meeting? Minutes 2020,10th Nov,,Minutes Meeting 10 November2020 (1).pdf
22,2020,Management Committee Meeting? Minutes 2020,8th Dec,,LGC Minutes Meeting 8 December 2020.pdf
22,2019,Management Committee Meeting? Minutes 2019,12th Feb,,LGC Minutes February 2019.pdf
22,2019,Management Committee Meeting? Minutes 2019,12th March,,LGC Minutes Mar '19.pdf
22,2019,Management Committee Meeting? Minutes 2019,9th April,,LGC Minutes April 2019.pdf
22,2019,Management Committee Meeting? Minutes 2019,14th May,,LGC Minutes May 2019.pdf
22,2019,Management Committee Meeting? Minutes 2019,11th Jun,,LGC Minutes June 2019.pdf
22,2019,Management Committee Meeting? Minutes 2019,9th July,,LGC Minutes Meeting 9 July2019.pdf
22,2019,Management Committee Meeting? Minutes 2019,13th Aug,,LGC Minutes Meeting 9 July2019.pdf
22,2019,Management Committee Meeting? Minutes 2019,10th Sept,,LGC Minutes 10 September 2019.pdf
22,2019,Management Committee Meeting? Minutes 2019,8th Oct,,LGC Minutes Meeting 8 October 2019.pdf
22,2019,Management Committee Meeting? Minutes 2019,12th Nov,,LGC Minutes Meeting 12 November 2019.pdf
22,2019,Management Committee Meeting? Minutes 2019,10th Dec,,LGC Minutes Meeting 10 December 2019.pdf
22,2018,Management Committee Meeting? Minutes 2018,13th Feb,,February 2018.pdf
22,2018,Management Committee Meeting? Minutes 2018,13th March,,March 2018.pdf
22,2018,Management Committee Meeting? Minutes 2018,10th April,,April  2018.pdf
22,2018,Management Committee Meeting? Minutes 2018,8th May,,May 2018.pdf
22,2018,Management Committee Meeting? Minutes 2018,12th Jun,,June  2018.pdf
22,2018,Management Committee Meeting? Minutes 2018,10th July,,July  2018.pdf
22,2018,Management Committee Meeting? Minutes 2018,11th Sept,,LGC Minutes September 2018.pdf
22,2018,Management Committee Meeting? Minutes 2018,9th Oct,,LGC Minutes 09 October 2018.pdf
22,2018,Management Committee Meeting? Minutes 2018,13th Nov,,LGC Minutes 13 November 2018.pdf
22,2018,Management Committee Meeting? Minutes 2018,11th Dec,,LGC Minutes December 2018.pdf
23,AGM Minutes,,,,AGM Minutes 2023.pdf
23,AGM Minutes,,,,LGC Annual Report 2023.pdf
23,AGM Minutes,,,,LGC Accounts 2023.pdf
